Plate	Primer	Batch	Sample	Factor	Rep	Expname	Barcode	Name
1	1	T	SF8_TA1_rep1	AP2A1	rep1	AP2A1_rep1	CGTCTAAT	SCD-PS-012-1_BH2JJ3DMXY_S1
1	28	T	SF8_TA11_rep1	RCC1	rep1	RCC1_rep1	GTCATTAG	SCD-PS-012-1_BH2JJ3DMXY_S1
1	19	T	SF8_TA7_rep1	CDC5L	rep1	CDC5L_rep1	CACACTGA	SCD-PS-012-1_BH2JJ3DMXY_S1
1	29	T	SF8_TA11_rep2	RCC1	rep2	RCC1_rep2	AGCTCCTT	SCD-PS-012-1_BH2JJ3DMXY_S1
1	89	T	SF8_TC8_rep2	SMARCE1	rep2	SMARCE1_rep2	TACGCCTC	SCD-PS-012-1_BH2JJ3DMXY_S1
1	59	T	SF8_TB9_rep2	RNF20	rep2	RNF20_rep2	GAGGGTAG	SCD-PS-012-1_BH2JJ3DMXY_S1
1	49	T	SF8_TB6_rep1	KPNB1	rep1	KPNB1_rep1	GTCCTATA	SCD-PS-012-1_BH2JJ3DMXY_S1
1	90	T	SF8_TC8_rep3	SMARCE1	rep3	SMARCE1_rep3	CACTTATC	SCD-PS-012-1_BH2JJ3DMXY_S1
1	30	T	SF8_TA11_rep3	RCC1	rep3	RCC1_rep3	TCACCCGA	SCD-PS-012-1_BH2JJ3DMXY_S1
1	2	T	SF8_TA1_rep2	AP2A1	rep2	AP2A1_rep2	AGACTCGT	SCD-PS-012-1_BH2JJ3DMXY_S1
1	44	T	SF8_TB4_rep2	CHAF1A	rep2	CHAF1A_rep2	ACGTATCC	SCD-PS-012-1_BH2JJ3DMXY_S1
1	61	T	SF8_TB10_rep1	CHAF1B	rep1	CHAF1B_rep1	GCCATCTT	SCD-PS-012-1_BH2JJ3DMXY_S1
1	3	T	SF8_TA1_rep3	AP2A1	rep3	AP2A1_rep3	GCACGTCA	SCD-PS-012-1_BH2JJ3DMXY_S1
1	14	T	SF8_TA5_rep2	RBBP6	rep2	RBBP6_rep2	TTACGGGT	SCD-PS-012-1_BH2JJ3DMXY_S1
1	62	T	SF8_TB10_rep2	CHAF1B	rep2	CHAF1B_rep2	GCATAATC	SCD-PS-012-1_BH2JJ3DMXY_S1
1	4	T	SF8_TA2_rep1	CCT4	rep1	CCT4_rep1	TCAACGAC	SCD-PS-012-1_BH2JJ3DMXY_S1
1	22	T	SF8_TA8_rep1	CTCF	rep1	CTCF_rep1	TTCCGTTC	SCD-PS-012-1_BH2JJ3DMXY_S1
1	42	T	SF8_TB3_rep3	ATF5	rep3	ATF5_rep3	GTAGAACG	SCD-PS-012-1_BH2JJ3DMXY_S1
1	32	T	SF8_TA12_rep2	RTF1	rep2	RTF1_rep2	TGTACCAA	SCD-PS-012-1_BH2JJ3DMXY_S1
1	63	T	SF8_TB10_rep3	CHAF1B	rep3	CHAF1B_rep3	TCTATGGT	SCD-PS-012-1_BH2JJ3DMXY_S1
1	53	T	SF8_TB7_rep2	MED9	rep2	MED9_rep2	TTCGCTGT	SCD-PS-012-1_BH2JJ3DMXY_S1
1	33	T	SF8_TA12_rep3	RTF1	rep3	RTF1_rep3	AACGAGGT	SCD-PS-012-1_BH2JJ3DMXY_S1
1	5	T	SF8_TA2_rep2	CCT4	rep2	CCT4_rep2	ATTTAGCG	SCD-PS-012-1_BH2JJ3DMXY_S1
1	9	T	SF8_TA3_rep3	MED30	rep3	MED30_rep3	TGAATACC	SCD-PS-012-1_BH2JJ3DMXY_S1
1	24	T	SF8_TA8_rep3	CTCF	rep3	CTCF_rep3	AAGTGGCT	SCD-PS-012-1_BH2JJ3DMXY_S1
1	64	T	SF8_TB11_rep1	MED1	rep1	MED1_rep1	AGGACTTA	SCD-PS-012-1_BH2JJ3DMXY_S1
1	34	T	SF8_TB1_rep1	STAG1	rep1	STAG1_rep1	AGCCACCA	SCD-PS-012-1_BH2JJ3DMXY_S1
1	95	T	SF8_TC10_rep2	CREBBP	rep2	CREBBP_rep2	GCAGAGAA	SCD-PS-012-1_BH2JJ3DMXY_S1
1	35	T	SF8_TB1_rep2	STAG1	rep2	STAG1_rep2	GGTAATCA	SCD-PS-012-1_BH2JJ3DMXY_S1
1	6	T	SF8_TA2_rep3	CCT4	rep3	CCT4_rep3	ATACAGAC	SCD-PS-012-1_BH2JJ3DMXY_S1
1	66	T	SF8_TB11_rep3	MED1	rep3	MED1_rep3	ACTAGCGA	SCD-PS-012-1_BH2JJ3DMXY_S1
1	25	T	SF8_TA9_rep1	KLF1	rep1	KLF1_rep1	CTGTACAA	SCD-PS-012-1_BH2JJ3DMXY_S1
1	7	T	SF8_TA3_rep1	MED30	rep1	MED30_rep1	TGCGTAGG	SCD-PS-012-1_BH2JJ3DMXY_S1
1	46	T	SF8_TB5_rep1	GATA1	rep1	GATA1_rep1	AGTTGTGT	SCD-PS-012-1_BH2JJ3DMXY_S1
1	36	T	SF8_TB1_rep3	STAG1	rep3	STAG1_rep3	CCAGTCCA	SCD-PS-012-1_BH2JJ3DMXY_S1
1	8	T	SF8_TA3_rep2	MED30	rep2	MED30_rep2	TGGAGCTC	SCD-PS-012-1_BH2JJ3DMXY_S1
1	13	T	SF8_TA5_rep1	RBBP6	rep1	RBBP6_rep1	GATGTCGA	SCD-PS-012-1_BH2JJ3DMXY_S1
1	18	T	SF8_TA6_rep3	RPS4X	rep3	RPS4X_rep3	GAGTCCTG	SCD-PS-012-1_BH2JJ3DMXY_S1
1	37	T	SF8_TB2_rep1	TRRAP	rep1	TRRAP_rep1	ACCTCAGC	SCD-PS-012-1_BH2JJ3DMXY_S1
1	21	T	SF8_TA7_rep3	CDC5L	rep3	CDC5L_rep3	GGACCTTT	SCD-PS-012-1_BH2JJ3DMXY_S1
1	38	T	SF8_TB2_rep2	TRRAP	rep2	TRRAP_rep2	GGTGGACT	SCD-PS-012-1_BH2JJ3DMXY_S1
1	10	T	SF8_TA4_rep1	PCF11	rep1	PCF11_rep1	TCTCACAC	SCD-PS-012-1_BH2JJ3DMXY_S1
1	68	T	SF8_TB12_rep2	SFPQ	rep2	SFPQ_rep2	CGGAAGTG	SCD-PS-012-1_BH2JJ3DMXY_S1
1	11	T	SF8_TA4_rep2	PCF11	rep2	PCF11_rep2	TACTGGTA	SCD-PS-012-1_BH2JJ3DMXY_S1
1	79	T	SF8_TC4_rep1	MED12	rep1	MED12_rep1	TTTGTGTC	SCD-PS-012-1_BH2JJ3DMXY_S1
1	39	T	SF8_TB2_rep3	TRRAP	rep3	TRRAP_rep3	GACAAACC	SCD-PS-012-1_BH2JJ3DMXY_S1
1	73	T	SF8_TC2_rep1	DMAP1	rep1	DMAP1_rep1	ATTCCTAG	SCD-PS-012-1_BH2JJ3DMXY_S1
1	12	T	SF8_TA4_rep3	PCF11	rep3	PCF11_rep3	ACGATAGG	SCD-PS-012-1_BH2JJ3DMXY_S1
1	40	T	SF8_TB3_rep1	ATF5	rep1	ATF5_rep1	TAACTCCG	SCD-PS-012-1_BH2JJ3DMXY_S1
1	43	T	SF8_TB4_rep1	CHAF1A	rep1	CHAF1A_rep1	GGATTGAC	SCD-PS-012-1_BH2JJ3DMXY_S1
1	84	T	SF8_TC5_rep3	NIPBL	rep3	NIPBL_rep3	CATAGTCG	SCD-PS-012-1_BH2JJ3DMXY_S1
1	41	T	SF8_TB3_rep2	ATF5	rep2	ATF5_rep2	ACACCGTG	SCD-PS-012-1_BH2JJ3DMXY_S1
1	16	T	SF8_TA6_rep1	RPS4X	rep1	RPS4X_rep1	CTTTGACA	SCD-PS-012-1_BH2JJ3DMXY_S1
1	31	T	SF8_TA12_rep1	RTF1	rep1	RTF1_rep1	GTTGCCAC	SCD-PS-012-1_BH2JJ3DMXY_S1
1	71	T	SF8_TC1_rep2	SUPT5H	rep2	SUPT5H_rep2	ACCTGGAG	SCD-PS-012-1_BH2JJ3DMXY_S1
1	72	T	SF8_TC1_rep3	SUPT5H	rep3	SUPT5H_rep3	CATGGGTT	SCD-PS-012-1_BH2JJ3DMXY_S1
1	45	T	SF8_TB4_rep3	CHAF1A	rep3	CHAF1A_rep3	TTCGGAAA	SCD-PS-012-1_BH2JJ3DMXY_S1
1	82	T	SF8_TC5_rep1	NIPBL	rep1	NIPBL_rep1	CGCTTGCT	SCD-PS-012-1_BH2JJ3DMXY_S1
1	96	T	SF8_TC10_rep3	CREBBP	rep3	CREBBP_rep3	GCATTTGG	SCD-PS-012-1_BH2JJ3DMXY_S1
1	17	T	SF8_TA6_rep2	RPS4X	rep2	RPS4X_rep2	CCTTCAAG	SCD-PS-012-1_BH2JJ3DMXY_S1
1	93	T	SF8_TC9_rep3	WAPL	rep3	WAPL_rep3	GAAAGGTG	SCD-PS-012-1_BH2JJ3DMXY_S1
1	15	T	SF8_TA5_rep3	RBBP6	rep3	RBBP6_rep3	CACAGCAT	SCD-PS-012-1_BH2JJ3DMXY_S1
1	47	T	SF8_TB5_rep2	GATA1	rep2	GATA1_rep2	AAGCACAT	SCD-PS-012-1_BH2JJ3DMXY_S1
1	27	T	SF8_TA9_rep3	KLF1	rep3	KLF1_rep3	GTGCATGA	SCD-PS-012-1_BH2JJ3DMXY_S1
1	94	T	SF8_TC10_rep1	CREBBP	rep1	CREBBP_rep1	ACGTTGTA	SCD-PS-012-1_BH2JJ3DMXY_S1
1	77	T	SF8_TC3_rep2	GFI1B	rep2	GFI1B_rep2	CCACAACT	SCD-PS-012-1_BH2JJ3DMXY_S1
1	75	T	SF8_TC2_rep3	DMAP1	rep3	DMAP1_rep3	GCTTCCCT	SCD-PS-012-1_BH2JJ3DMXY_S1
1	88	T	SF8_TC8_rep1	SMARCE1	rep1	SMARCE1_rep1	TGTTAAGC	SCD-PS-012-1_BH2JJ3DMXY_S1
1	55	T	SF8_TB8_rep1	POLR2H	rep1	POLR2H_rep1	TCTGGGCA	SCD-PS-012-1_BH2JJ3DMXY_S1
1	78	T	SF8_TC3_rep3	GFI1B	rep3	GFI1B_rep3	ACAGGCAT	SCD-PS-012-1_BH2JJ3DMXY_S1
1	65	T	SF8_TB11_rep2	MED1	rep2	MED1_rep2	CGTGATTC	SCD-PS-012-1_BH2JJ3DMXY_S1
1	69	T	SF8_TB12_rep3	SFPQ	rep3	SFPQ_rep3	CCGAGTAC	SCD-PS-012-1_BH2JJ3DMXY_S1
1	50	T	SF8_TB6_rep2	KPNB1	rep2	KPNB1_rep2	CTACGCTG	SCD-PS-012-1_BH2JJ3DMXY_S1
1	26	T	SF8_TA9_rep2	KLF1	rep2	KLF1_rep2	CGCAAAGT	SCD-PS-012-1_BH2JJ3DMXY_S1
1	76	T	SF8_TC3_rep1	GFI1B	rep1	GFI1B_rep1	AGGTAAAG	SCD-PS-012-1_BH2JJ3DMXY_S1
1	80	T	SF8_TC4_rep2	MED12	rep2	MED12_rep2	TGAGCATA	SCD-PS-012-1_BH2JJ3DMXY_S1
1	51	T	SF8_TB6_rep3	KPNB1	rep3	KPNB1_rep3	GGGATTGT	SCD-PS-012-1_BH2JJ3DMXY_S1
1	67	T	SF8_TB12_rep1	SFPQ	rep1	SFPQ_rep1	GTAACTCC	SCD-PS-012-1_BH2JJ3DMXY_S1
1	81	T	SF8_TC4_rep3	MED12	rep3	MED12_rep3	TTAGACGC	SCD-PS-012-1_BH2JJ3DMXY_S1
1	91	T	SF8_TC9_rep1	WAPL	rep1	WAPL_rep1	ACCGCTAA	SCD-PS-012-1_BH2JJ3DMXY_S1
1	52	T	SF8_TB7_rep1	MED9	rep1	MED9_rep1	TGATGTAG	SCD-PS-012-1_BH2JJ3DMXY_S1
1	48	T	SF8_TB5_rep3	GATA1	rep3	GATA1_rep3	CTGTCATT	SCD-PS-012-1_BH2JJ3DMXY_S1
1	92	T	SF8_TC9_rep2	WAPL	rep2	WAPL_rep2	TAAGGTCC	SCD-PS-012-1_BH2JJ3DMXY_S1
1	20	T	SF8_TA7_rep2	CDC5L	rep2	CDC5L_rep2	GTTACAGG	SCD-PS-012-1_BH2JJ3DMXY_S1
1	23	T	SF8_TA8_rep2	CTCF	rep2	CTCF_rep2	ACTGTTTG	SCD-PS-012-1_BH2JJ3DMXY_S1
1	57	T	SF8_TB8_rep3	POLR2H	rep3	POLR2H_rep3	CCATGGGA	SCD-PS-012-1_BH2JJ3DMXY_S1
1	83	T	SF8_TC5_rep2	NIPBL	rep2	NIPBL_rep2	AGTCTGCC	SCD-PS-012-1_BH2JJ3DMXY_S1
1	87	T	SF8_TC6_rep3	NUP62	rep3	NUP62_rep3	ATATTCCC	SCD-PS-012-1_BH2JJ3DMXY_S1
1	54	T	SF8_TB7_rep3	MED9	rep3	MED9_rep3	GAAGACTT	SCD-PS-012-1_BH2JJ3DMXY_S1
1	74	T	SF8_TC2_rep2	DMAP1	rep2	DMAP1_rep2	AATCATGC	SCD-PS-012-1_BH2JJ3DMXY_S1
1	60	T	SF8_TB9_rep3	RNF20	rep3	RNF20_rep3	CGGGTGAA	SCD-PS-012-1_BH2JJ3DMXY_S1
1	58	T	SF8_TB9_rep1	RNF20	rep1	RNF20_rep1	ATGCGACG	SCD-PS-012-1_BH2JJ3DMXY_S1
1	56	T	SF8_TB8_rep2	POLR2H	rep2	POLR2H_rep2	CAACTAGA	SCD-PS-012-1_BH2JJ3DMXY_S1
1	85	T	SF8_TC6_rep1	NUP62	rep1	NUP62_rep1	TCTTGCTG	SCD-PS-012-1_BH2JJ3DMXY_S1
1	86	T	SF8_TC6_rep2	NUP62	rep2	NUP62_rep2	GGGACAAC	SCD-PS-012-1_BH2JJ3DMXY_S1
1	70	T	SF8_TC1_rep1	SUPT5H	rep1	SUPT5H_rep1	GACGCAAT	SCD-PS-012-1_BH2JJ3DMXY_S1
2	35	T	SF8_TD10_rep2	SMC3	rep2	SMC3_rep2	GGTAATCA	SCD-PS-012-2_BH2JJ3DMXY_S2
2	34	T	SF8_TD10_rep1	SMC3	rep1	SMC3_rep1	AGCCACCA	SCD-PS-012-2_BH2JJ3DMXY_S2
2	10	T	SF8_TD2_rep1	SMC1A	rep1	SMC1A_rep1	TCTCACAC	SCD-PS-012-2_BH2JJ3DMXY_S2
2	29	T	SF8_TD8_rep2	NUP98	rep2	NUP98_rep2	AGCTCCTT	SCD-PS-012-2_BH2JJ3DMXY_S2
2	8	T	SF8_TD1_rep2	RAD21	rep2	RAD21_rep2	TGGAGCTC	SCD-PS-012-2_BH2JJ3DMXY_S2
2	56	T	SF8_TE6_rep2	GNL3	rep2	GNL3_rep2	CAACTAGA	SCD-PS-012-2_BH2JJ3DMXY_S2
2	16	T	SF8_TD4_rep1	CSE1L	rep1	CSE1L_rep1	CTTTGACA	SCD-PS-012-2_BH2JJ3DMXY_S2
2	67	T	SF8_TE10_rep1	RBBP5	rep1	RBBP5_rep1	GTAACTCC	SCD-PS-012-2_BH2JJ3DMXY_S2
2	48	T	SF8_TE2_rep3	SNRPF	rep3	SNRPF_rep3	CTGTCATT	SCD-PS-012-2_BH2JJ3DMXY_S2
2	80	T	SF8_TF4_rep2	CDC23	rep2	CDC23_rep2	TGAGCATA	SCD-PS-012-2_BH2JJ3DMXY_S2
2	32	T	SF8_TD9_rep2	RPRD1B	rep2	RPRD1B_rep2	TGTACCAA	SCD-PS-012-2_BH2JJ3DMXY_S2
2	22	T	SF8_TD6_rep1	HEXIM1	rep1	HEXIM1_rep1	TTCCGTTC	SCD-PS-012-2_BH2JJ3DMXY_S2
2	59	T	SF8_TE7_rep2	MAP2K3	rep2	MAP2K3_rep2	GAGGGTAG	SCD-PS-012-2_BH2JJ3DMXY_S2
2	18	T	SF8_TD4_rep3	CSE1L	rep3	CSE1L_rep3	GAGTCCTG	SCD-PS-012-2_BH2JJ3DMXY_S2
2	2	T	SF8_TC11_rep2	EP300	rep2	EP300_rep2	AGACTCGT	SCD-PS-012-2_BH2JJ3DMXY_S2
2	13	T	SF8_TD3_rep1	WDR5	rep1	WDR5_rep1	GATGTCGA	SCD-PS-012-2_BH2JJ3DMXY_S2
2	53	T	SF8_TE5_rep2	CTR9	rep2	CTR9_rep2	TTCGCTGT	SCD-PS-012-2_BH2JJ3DMXY_S2
2	44	T	SF8_TE1_rep2	PAF1	rep2	PAF1_rep2	ACGTATCC	SCD-PS-012-2_BH2JJ3DMXY_S2
2	51	T	SF8_TE4_rep3	CD3EAP	rep3	CD3EAP_rep3	GGGATTGT	SCD-PS-012-2_BH2JJ3DMXY_S2
2	75	T	SF8_UA3_rep3	KDM3B	rep3	KDM3B_rep3	GCTTCCCT	SCD-PS-012-2_BH2JJ3DMXY_S2
2	54	T	SF8_TE5_rep3	CTR9	rep3	CTR9_rep3	GAAGACTT	SCD-PS-012-2_BH2JJ3DMXY_S2
2	52	T	SF8_TE5_rep1	CTR9	rep1	CTR9_rep1	TGATGTAG	SCD-PS-012-2_BH2JJ3DMXY_S2
2	42	T	SF8_TD12_rep3	MED21	rep3	MED21_rep3	GTAGAACG	SCD-PS-012-2_BH2JJ3DMXY_S2
2	15	T	SF8_TD3_rep3	WDR5	rep3	WDR5_rep3	CACAGCAT	SCD-PS-012-2_BH2JJ3DMXY_S2
2	93	T	SF8_TF9_rep3	PHF5A	rep3	PHF5A_rep3	GAAAGGTG	SCD-PS-012-2_BH2JJ3DMXY_S2
2	87	T	SF8_TF6_rep3	HSPA9	rep3	HSPA9_rep3	ATATTCCC	SCD-PS-012-2_BH2JJ3DMXY_S2
2	63	T	SF8_TE8_rep3	MED24	rep3	MED24_rep3	TCTATGGT	SCD-PS-012-2_BH2JJ3DMXY_S2
2	78	T	SF8_TF3_rep3	AURKB	rep3	AURKB_rep3	ACAGGCAT	SCD-PS-012-2_BH2JJ3DMXY_S2
2	5	T	SF8_TC12_rep2	MED17	rep2	MED17_rep2	ATTTAGCG	SCD-PS-012-2_BH2JJ3DMXY_S2
2	88	T	SF8_TF7_rep1	MAU2	rep1	MAU2_rep1	TGTTAAGC	SCD-PS-012-2_BH2JJ3DMXY_S2
2	68	T	SF8_TE10_rep2	RBBP5	rep2	RBBP5_rep2	CGGAAGTG	SCD-PS-012-2_BH2JJ3DMXY_S2
2	45	T	SF8_TE1_rep3	PAF1	rep3	PAF1_rep3	TTCGGAAA	SCD-PS-012-2_BH2JJ3DMXY_S2
2	28	T	SF8_TD8_rep1	NUP98	rep1	NUP98_rep1	GTCATTAG	SCD-PS-012-2_BH2JJ3DMXY_S2
2	20	T	SF8_TD5_rep2	EP400	rep2	EP400_rep2	GTTACAGG	SCD-PS-012-2_BH2JJ3DMXY_S2
2	55	T	SF8_TE6_rep1	GNL3	rep1	GNL3_rep1	TCTGGGCA	SCD-PS-012-2_BH2JJ3DMXY_S2
2	1	T	SF8_TC11_rep1	EP300	rep1	EP300_rep1	CGTCTAAT	SCD-PS-012-2_BH2JJ3DMXY_S2
2	12	T	SF8_TD2_rep3	SMC1A	rep3	SMC1A_rep3	ACGATAGG	SCD-PS-012-2_BH2JJ3DMXY_S2
2	46	T	SF8_TE2_rep1	SNRPF	rep1	SNRPF_rep1	AGTTGTGT	SCD-PS-012-2_BH2JJ3DMXY_S2
2	90	T	SF8_TF7_rep3	MAU2	rep3	MAU2_rep3	CACTTATC	SCD-PS-012-2_BH2JJ3DMXY_S2
2	30	T	SF8_TD8_rep3	NUP98	rep3	NUP98_rep3	TCACCCGA	SCD-PS-012-2_BH2JJ3DMXY_S2
2	81	T	SF8_TF4_rep3	CDC23	rep3	CDC23_rep3	TTAGACGC	SCD-PS-012-2_BH2JJ3DMXY_S2
2	9	T	SF8_TD1_rep3	RAD21	rep3	RAD21_rep3	TGAATACC	SCD-PS-012-2_BH2JJ3DMXY_S2
2	61	T	SF8_TE8_rep1	MED24	rep1	MED24_rep1	GCCATCTT	SCD-PS-012-2_BH2JJ3DMXY_S2
2	31	T	SF8_TD9_rep1	RPRD1B	rep1	RPRD1B_rep1	GTTGCCAC	SCD-PS-012-2_BH2JJ3DMXY_S2
2	58	T	SF8_TE7_rep1	MAP2K3	rep1	MAP2K3_rep1	ATGCGACG	SCD-PS-012-2_BH2JJ3DMXY_S2
2	6	T	SF8_TC12_rep3	MED17	rep3	MED17_rep3	ATACAGAC	SCD-PS-012-2_BH2JJ3DMXY_S2
2	72	T	SF8_TE11_rep3	SNRPE	rep3	SNRPE_rep3	CATGGGTT	SCD-PS-012-2_BH2JJ3DMXY_S2
2	49	T	SF8_TE4_rep1	CD3EAP	rep1	CD3EAP_rep1	GTCCTATA	SCD-PS-012-2_BH2JJ3DMXY_S2
2	82	T	SF8_TF5_rep1	DDX54	rep1	DDX54_rep1	CGCTTGCT	SCD-PS-012-2_BH2JJ3DMXY_S2
2	62	T	SF8_TE8_rep2	MED24	rep2	MED24_rep2	GCATAATC	SCD-PS-012-2_BH2JJ3DMXY_S2
2	69	T	SF8_TE10_rep3	RBBP5	rep3	RBBP5_rep3	CCGAGTAC	SCD-PS-012-2_BH2JJ3DMXY_S2
2	43	T	SF8_TE1_rep1	PAF1	rep1	PAF1_rep1	GGATTGAC	SCD-PS-012-2_BH2JJ3DMXY_S2
2	33	T	SF8_TD9_rep3	RPRD1B	rep3	RPRD1B_rep3	AACGAGGT	SCD-PS-012-2_BH2JJ3DMXY_S2
2	57	T	SF8_TE6_rep3	GNL3	rep3	GNL3_rep3	CCATGGGA	SCD-PS-012-2_BH2JJ3DMXY_S2
2	70	T	SF8_TE11_rep1	SNRPE	rep1	SNRPE_rep1	GACGCAAT	SCD-PS-012-2_BH2JJ3DMXY_S2
2	24	T	SF8_TD6_rep3	HEXIM1	rep3	HEXIM1_rep3	AAGTGGCT	SCD-PS-012-2_BH2JJ3DMXY_S2
2	74	T	SF8_UA3_rep2	KDM3B	rep2	KDM3B_rep2	AATCATGC	SCD-PS-012-2_BH2JJ3DMXY_S2
2	84	T	SF8_TF5_rep3	DDX54	rep3	DDX54_rep3	CATAGTCG	SCD-PS-012-2_BH2JJ3DMXY_S2
2	38	T	SF8_TD11_rep2	YY1	rep2	YY1_rep2	GGTGGACT	SCD-PS-012-2_BH2JJ3DMXY_S2
2	85	T	SF8_TF6_rep1	HSPA9	rep1	HSPA9_rep1	TCTTGCTG	SCD-PS-012-2_BH2JJ3DMXY_S2
2	25	T	SF8_TD7_rep1	MED19	rep1	MED19_rep1	CTGTACAA	SCD-PS-012-2_BH2JJ3DMXY_S2
2	96	T	SF8_TF10_rep3	RPS6	rep3	RPS6_rep3	GCATTTGG	SCD-PS-012-2_BH2JJ3DMXY_S2
2	17	T	SF8_TD4_rep2	CSE1L	rep2	CSE1L_rep2	CCTTCAAG	SCD-PS-012-2_BH2JJ3DMXY_S2
2	4	T	SF8_TC12_rep1	MED17	rep1	MED17_rep1	TCAACGAC	SCD-PS-012-2_BH2JJ3DMXY_S2
2	26	T	SF8_TD7_rep2	MED19	rep2	MED19_rep2	CGCAAAGT	SCD-PS-012-2_BH2JJ3DMXY_S2
2	23	T	SF8_TD6_rep2	HEXIM1	rep2	HEXIM1_rep2	ACTGTTTG	SCD-PS-012-2_BH2JJ3DMXY_S2
2	73	T	SF8_UA3_rep1	KDM3B	rep1	KDM3B_rep1	ATTCCTAG	SCD-PS-012-2_BH2JJ3DMXY_S2
2	37	T	SF8_TD11_rep1	YY1	rep1	YY1_rep1	ACCTCAGC	SCD-PS-012-2_BH2JJ3DMXY_S2
2	47	T	SF8_TE2_rep2	SNRPF	rep2	SNRPF_rep2	AAGCACAT	SCD-PS-012-2_BH2JJ3DMXY_S2
2	27	T	SF8_TD7_rep3	MED19	rep3	MED19_rep3	GTGCATGA	SCD-PS-012-2_BH2JJ3DMXY_S2
2	91	T	SF8_TF9_rep1	PHF5A	rep1	PHF5A_rep1	ACCGCTAA	SCD-PS-012-2_BH2JJ3DMXY_S2
2	3	T	SF8_TC11_rep3	EP300	rep3	EP300_rep3	GCACGTCA	SCD-PS-012-2_BH2JJ3DMXY_S2
2	19	T	SF8_TD5_rep1	EP400	rep1	EP400_rep1	CACACTGA	SCD-PS-012-2_BH2JJ3DMXY_S2
2	11	T	SF8_TD2_rep2	SMC1A	rep2	SMC1A_rep2	TACTGGTA	SCD-PS-012-2_BH2JJ3DMXY_S2
2	89	T	SF8_TF7_rep2	MAU2	rep2	MAU2_rep2	TACGCCTC	SCD-PS-012-2_BH2JJ3DMXY_S2
2	39	T	SF8_TD11_rep3	YY1	rep3	YY1_rep3	GACAAACC	SCD-PS-012-2_BH2JJ3DMXY_S2
2	76	T	SF8_TF3_rep1	AURKB	rep1	AURKB_rep1	AGGTAAAG	SCD-PS-012-2_BH2JJ3DMXY_S2
2	36	T	SF8_TD10_rep3	SMC3	rep3	SMC3_rep3	CCAGTCCA	SCD-PS-012-2_BH2JJ3DMXY_S2
2	66	T	SF8_TE9_rep3	PCID2	rep3	PCID2_rep3	ACTAGCGA	SCD-PS-012-2_BH2JJ3DMXY_S2
2	40	T	SF8_TD12_rep1	MED21	rep1	MED21_rep1	TAACTCCG	SCD-PS-012-2_BH2JJ3DMXY_S2
2	71	T	SF8_TE11_rep2	SNRPE	rep2	SNRPE_rep2	ACCTGGAG	SCD-PS-012-2_BH2JJ3DMXY_S2
2	94	T	SF8_TF10_rep1	RPS6	rep1	RPS6_rep1	ACGTTGTA	SCD-PS-012-2_BH2JJ3DMXY_S2
2	60	T	SF8_TE7_rep3	MAP2K3	rep3	MAP2K3_rep3	CGGGTGAA	SCD-PS-012-2_BH2JJ3DMXY_S2
2	64	T	SF8_TE9_rep1	PCID2	rep1	PCID2_rep1	AGGACTTA	SCD-PS-012-2_BH2JJ3DMXY_S2
2	95	T	SF8_TF10_rep2	RPS6	rep2	RPS6_rep2	GCAGAGAA	SCD-PS-012-2_BH2JJ3DMXY_S2
2	79	T	SF8_TF4_rep1	CDC23	rep1	CDC23_rep1	TTTGTGTC	SCD-PS-012-2_BH2JJ3DMXY_S2
2	41	T	SF8_TD12_rep2	MED21	rep2	MED21_rep2	ACACCGTG	SCD-PS-012-2_BH2JJ3DMXY_S2
2	92	T	SF8_TF9_rep2	PHF5A	rep2	PHF5A_rep2	TAAGGTCC	SCD-PS-012-2_BH2JJ3DMXY_S2
2	83	T	SF8_TF5_rep2	DDX54	rep2	DDX54_rep2	AGTCTGCC	SCD-PS-012-2_BH2JJ3DMXY_S2
2	86	T	SF8_TF6_rep2	HSPA9	rep2	HSPA9_rep2	GGGACAAC	SCD-PS-012-2_BH2JJ3DMXY_S2
2	7	T	SF8_TD1_rep1	RAD21	rep1	RAD21_rep1	TGCGTAGG	SCD-PS-012-2_BH2JJ3DMXY_S2
2	14	T	SF8_TD3_rep2	WDR5	rep2	WDR5_rep2	TTACGGGT	SCD-PS-012-2_BH2JJ3DMXY_S2
2	77	T	SF8_TF3_rep2	AURKB	rep2	AURKB_rep2	CCACAACT	SCD-PS-012-2_BH2JJ3DMXY_S2
2	65	T	SF8_TE9_rep2	PCID2	rep2	PCID2_rep2	CGTGATTC	SCD-PS-012-2_BH2JJ3DMXY_S2
2	50	T	SF8_TE4_rep2	CD3EAP	rep2	CD3EAP_rep2	CTACGCTG	SCD-PS-012-2_BH2JJ3DMXY_S2
2	21	T	SF8_TD5_rep3	EP400	rep3	EP400_rep3	GGACCTTT	SCD-PS-012-2_BH2JJ3DMXY_S2
3	31	U	SF8_UA8_rep1	KANSL3	rep1	KANSL3_rep1	GTTGCCAC	SCD-PS-012-3_BH2JJ3DMXY_S3
3	5	T	SF8_TF12_rep2	Control_E2	rep2	Control_E2_rep2	ATTTAGCG	SCD-PS-012-3_BH2JJ3DMXY_S3
3	27	U	SF8_UA6_rep3	CDC73	rep3	CDC73_rep3	GTGCATGA	SCD-PS-012-3_BH2JJ3DMXY_S3
3	68	U	SF8_UB12_rep2	SAE1	rep2	SAE1_rep2	CGGAAGTG	SCD-PS-012-3_BH2JJ3DMXY_S3
3	45	U	SF8_UB1_rep3	STAG2	rep3	STAG2_rep3	TTCGGAAA	SCD-PS-012-3_BH2JJ3DMXY_S3
3	16	U	SF8_UA2_rep1	UTP6	rep1	UTP6_rep1	CTTTGACA	SCD-PS-012-3_BH2JJ3DMXY_S3
3	41	U	SF8_UA12_rep2	RUVBL1	rep2	RUVBL1_rep2	ACACCGTG	SCD-PS-012-3_BH2JJ3DMXY_S3
3	40	U	SF8_UA12_rep1	RUVBL1	rep1	RUVBL1_rep1	TAACTCCG	SCD-PS-012-3_BH2JJ3DMXY_S3
3	46	U	SF8_UB2_rep1	VARS	rep1	VARS_rep1	AGTTGTGT	SCD-PS-012-3_BH2JJ3DMXY_S3
3	66	U	SF8_UB11_rep3	POLR1D	rep3	POLR1D_rep3	ACTAGCGA	SCD-PS-012-3_BH2JJ3DMXY_S3
3	1	T	SF8_TF11_rep1	Control	rep1	Control_rep1	CGTCTAAT	SCD-PS-012-3_BH2JJ3DMXY_S3
3	39	U	SF8_UA10_rep3	MYB	rep3	MYB_rep3	GACAAACC	SCD-PS-012-3_BH2JJ3DMXY_S3
3	34	U	SF8_UA9_rep1	MAX	rep1	MAX_rep1	AGCCACCA	SCD-PS-012-3_BH2JJ3DMXY_S3
3	19	U	SF8_TF1_rep1	RPS14	rep1	RPS14_rep1	CACACTGA	SCD-PS-012-3_BH2JJ3DMXY_S3
3	47	U	SF8_UB2_rep2	VARS	rep2	VARS_rep2	AAGCACAT	SCD-PS-012-3_BH2JJ3DMXY_S3
3	44	U	SF8_UB1_rep2	STAG2	rep2	STAG2_rep2	ACGTATCC	SCD-PS-012-3_BH2JJ3DMXY_S3
3	78	U	SF8_UC4_rep3	BTF3	rep3	BTF3_rep3	ACAGGCAT	SCD-PS-012-3_BH2JJ3DMXY_S3
3	38	U	SF8_UA10_rep2	MYB	rep2	MYB_rep2	GGTGGACT	SCD-PS-012-3_BH2JJ3DMXY_S3
3	4	T	SF8_TF12_rep1	Control_E2	rep1	Control_E2_rep1	TCAACGAC	SCD-PS-012-3_BH2JJ3DMXY_S3
3	72	U	SF8_UC1_rep3	STAT5B	rep3	STAT5B_rep3	CATGGGTT	SCD-PS-012-3_BH2JJ3DMXY_S3
3	15	U	SF8_UA1_rep3	SPTY2D1	rep3	SPTY2D1_rep3	CACAGCAT	SCD-PS-012-3_BH2JJ3DMXY_S3
3	2	T	SF8_TF11_rep2	Control	rep2	Control_rep2	AGACTCGT	SCD-PS-012-3_BH2JJ3DMXY_S3
3	70	U	SF8_UC1_rep1	STAT5B	rep1	STAT5B_rep1	GACGCAAT	SCD-PS-012-3_BH2JJ3DMXY_S3
3	77	U	SF8_UC4_rep2	BTF3	rep2	BTF3_rep2	CCACAACT	SCD-PS-012-3_BH2JJ3DMXY_S3
3	13	U	SF8_UA1_rep1	SPTY2D1	rep1	SPTY2D1_rep1	GATGTCGA	SCD-PS-012-3_BH2JJ3DMXY_S3
3	37	U	SF8_UA10_rep1	MYB	rep1	MYB_rep1	ACCTCAGC	SCD-PS-012-3_BH2JJ3DMXY_S3
3	50	U	SF8_UB3_rep2	TWISTNB	rep2	TWISTNB_rep2	CTACGCTG	SCD-PS-012-3_BH2JJ3DMXY_S3
3	71	U	SF8_UC1_rep2	STAT5B	rep2	STAT5B_rep2	ACCTGGAG	SCD-PS-012-3_BH2JJ3DMXY_S3
3	51	U	SF8_UB3_rep3	TWISTNB	rep3	TWISTNB_rep3	GGGATTGT	SCD-PS-012-3_BH2JJ3DMXY_S3
3	81	U	SF8_UC6_rep3	EEF2	rep3	EEF2_rep3	TTAGACGC	SCD-PS-012-3_BH2JJ3DMXY_S3
3	82	U	SF8_UC7_rep1	KMT2A	rep1	KMT2A_rep1	CGCTTGCT	SCD-PS-012-3_BH2JJ3DMXY_S3
3	69	U	SF8_UB12_rep3	SAE1	rep3	SAE1_rep3	CCGAGTAC	SCD-PS-012-3_BH2JJ3DMXY_S3
3	42	U	SF8_UA12_rep3	RUVBL1	rep3	RUVBL1_rep3	GTAGAACG	SCD-PS-012-3_BH2JJ3DMXY_S3
3	49	U	SF8_UB3_rep1	TWISTNB	rep1	TWISTNB_rep1	GTCCTATA	SCD-PS-012-3_BH2JJ3DMXY_S3
3	79	U	SF8_UC6_rep1	EEF2	rep1	EEF2_rep1	TTTGTGTC	SCD-PS-012-3_BH2JJ3DMXY_S3
3	23	U	SF8_UA5_rep2	BDP1	rep2	BDP1_rep2	ACTGTTTG	SCD-PS-012-3_BH2JJ3DMXY_S3
3	73	U	SF8_UC2_rep1	WDR55	rep1	WDR55_rep1	ATTCCTAG	SCD-PS-012-3_BH2JJ3DMXY_S3
3	53	U	SF8_UB5_rep2	BRD4	rep2	BRD4_rep2	TTCGCTGT	SCD-PS-012-3_BH2JJ3DMXY_S3
3	80	U	SF8_UC6_rep2	EEF2	rep2	EEF2_rep2	TGAGCATA	SCD-PS-012-3_BH2JJ3DMXY_S3
3	74	U	SF8_UC2_rep2	WDR55	rep2	WDR55_rep2	AATCATGC	SCD-PS-012-3_BH2JJ3DMXY_S3
3	24	U	SF8_UA5_rep3	BDP1	rep3	BDP1_rep3	AAGTGGCT	SCD-PS-012-3_BH2JJ3DMXY_S3
3	54	U	SF8_UB5_rep3	BRD4	rep3	BRD4_rep3	GAAGACTT	SCD-PS-012-3_BH2JJ3DMXY_S3
3	85	U	SF8_UC8_rep1	MED16	rep1	MED16_rep1	TCTTGCTG	SCD-PS-012-3_BH2JJ3DMXY_S3
3	65	U	SF8_UB11_rep2	POLR1D	rep2	POLR1D_rep2	CGTGATTC	SCD-PS-012-3_BH2JJ3DMXY_S3
3	25	U	SF8_UA6_rep1	CDC73	rep1	CDC73_rep1	CTGTACAA	SCD-PS-012-3_BH2JJ3DMXY_S3
3	17	U	SF8_UA2_rep2	UTP6	rep2	UTP6_rep2	CCTTCAAG	SCD-PS-012-3_BH2JJ3DMXY_S3
3	22	U	SF8_UA5_rep1	BDP1	rep1	BDP1_rep1	TTCCGTTC	SCD-PS-012-3_BH2JJ3DMXY_S3
3	52	U	SF8_UB5_rep1	BRD4	rep1	BRD4_rep1	TGATGTAG	SCD-PS-012-3_BH2JJ3DMXY_S3
3	18	U	SF8_UA2_rep3	UTP6	rep3	UTP6_rep3	GAGTCCTG	SCD-PS-012-3_BH2JJ3DMXY_S3
3	86	U	SF8_UC8_rep2	MED16	rep2	MED16_rep2	GGGACAAC	SCD-PS-012-3_BH2JJ3DMXY_S3
3	56	U	SF8_UB6_rep2	CEBPG	rep2	CEBPG_rep2	CAACTAGA	SCD-PS-012-3_BH2JJ3DMXY_S3
3	43	U	SF8_UB1_rep1	STAG2	rep1	STAG2_rep1	GGATTGAC	SCD-PS-012-3_BH2JJ3DMXY_S3
3	87	U	SF8_UC8_rep3	MED16	rep3	MED16_rep3	ATATTCCC	SCD-PS-012-3_BH2JJ3DMXY_S3
3	67	U	SF8_UB12_rep1	SAE1	rep1	SAE1_rep1	GTAACTCC	SCD-PS-012-3_BH2JJ3DMXY_S3
3	57	U	SF8_UB6_rep3	CEBPG	rep3	CEBPG_rep3	CCATGGGA	SCD-PS-012-3_BH2JJ3DMXY_S3
3	58	U	SF8_UB9_rep1	MED10	rep1	MED10_rep1	ATGCGACG	SCD-PS-012-3_BH2JJ3DMXY_S3
3	28	U	SF8_UA7_rep1	DNM2	rep1	DNM2_rep1	GTCATTAG	SCD-PS-012-3_BH2JJ3DMXY_S3
3	88	U	SF8_UC9_rep1	NELFCD	rep1	NELFCD_rep1	TGTTAAGC	SCD-PS-012-3_BH2JJ3DMXY_S3
3	48	U	SF8_UB2_rep3	VARS	rep3	VARS_rep3	CTGTCATT	SCD-PS-012-3_BH2JJ3DMXY_S3
3	89	U	SF8_UC9_rep2	NELFCD	rep2	NELFCD_rep2	TACGCCTC	SCD-PS-012-3_BH2JJ3DMXY_S3
3	59	U	SF8_UB9_rep2	MED10	rep2	MED10_rep2	GAGGGTAG	SCD-PS-012-3_BH2JJ3DMXY_S3
3	29	U	SF8_UA7_rep2	DNM2	rep2	DNM2_rep2	AGCTCCTT	SCD-PS-012-3_BH2JJ3DMXY_S3
3	20	U	SF8_TF1_rep2	RPS14	rep2	RPS14_rep2	GTTACAGG	SCD-PS-012-3_BH2JJ3DMXY_S3
3	60	U	SF8_UB9_rep3	MED10	rep3	MED10_rep3	CGGGTGAA	SCD-PS-012-3_BH2JJ3DMXY_S3
3	26	U	SF8_UA6_rep2	CDC73	rep2	CDC73_rep2	CGCAAAGT	SCD-PS-012-3_BH2JJ3DMXY_S3
3	90	U	SF8_UC9_rep3	NELFCD	rep3	NELFCD_rep3	CACTTATC	SCD-PS-012-3_BH2JJ3DMXY_S3
3	30	U	SF8_UA7_rep3	DNM2	rep3	DNM2_rep3	TCACCCGA	SCD-PS-012-3_BH2JJ3DMXY_S3
3	21	U	SF8_TF1_rep3	RPS14	rep3	RPS14_rep3	GGACCTTT	SCD-PS-012-3_BH2JJ3DMXY_S3
3	3	T	SF8_TF11_rep3	Control	rep3	Control_rep3	GCACGTCA	SCD-PS-012-3_BH2JJ3DMXY_S3
3	91	U	SF8_UC11_rep1	SF3A2	rep1	SF3A2_rep1	ACCGCTAA	SCD-PS-012-3_BH2JJ3DMXY_S3
3	61	U	SF8_UB10_rep1	MYBL2	rep1	MYBL2_rep1	GCCATCTT	SCD-PS-012-3_BH2JJ3DMXY_S3
3	14	U	SF8_UA1_rep2	SPTY2D1	rep2	SPTY2D1_rep2	TTACGGGT	SCD-PS-012-3_BH2JJ3DMXY_S3
3	92	U	SF8_UC11_rep2	SF3A2	rep2	SF3A2_rep2	TAAGGTCC	SCD-PS-012-3_BH2JJ3DMXY_S3
3	62	U	SF8_UB10_rep2	MYBL2	rep2	MYBL2_rep2	GCATAATC	SCD-PS-012-3_BH2JJ3DMXY_S3
3	32	U	SF8_UA8_rep2	KANSL3	rep2	KANSL3_rep2	TGTACCAA	SCD-PS-012-3_BH2JJ3DMXY_S3
3	93	U	SF8_UC11_rep3	SF3A2	rep3	SF3A2_rep3	GAAAGGTG	SCD-PS-012-3_BH2JJ3DMXY_S3
3	83	U	SF8_UC7_rep2	KMT2A	rep2	KMT2A_rep2	AGTCTGCC	SCD-PS-012-3_BH2JJ3DMXY_S3
3	63	U	SF8_UB10_rep3	MYBL2	rep3	MYBL2_rep3	TCTATGGT	SCD-PS-012-3_BH2JJ3DMXY_S3
3	84	U	SF8_UC7_rep3	KMT2A	rep3	KMT2A_rep3	CATAGTCG	SCD-PS-012-3_BH2JJ3DMXY_S3
3	33	U	SF8_UA8_rep3	KANSL3	rep3	KANSL3_rep3	AACGAGGT	SCD-PS-012-3_BH2JJ3DMXY_S3
3	64	U	SF8_UB11_rep1	POLR1D	rep1	POLR1D_rep1	AGGACTTA	SCD-PS-012-3_BH2JJ3DMXY_S3
3	94	U	SF8_UD1_rep1	XRCC5	rep1	XRCC5_rep1	ACGTTGTA	SCD-PS-012-3_BH2JJ3DMXY_S3
3	6	T	SF8_TF12_rep3	Control_E2	rep3	Control_E2_rep3	ATACAGAC	SCD-PS-012-3_BH2JJ3DMXY_S3
3	75	U	SF8_UC2_rep3	WDR55	rep3	WDR55_rep3	GCTTCCCT	SCD-PS-012-3_BH2JJ3DMXY_S3
3	95	U	SF8_UD1_rep2	XRCC5	rep2	XRCC5_rep2	GCAGAGAA	SCD-PS-012-3_BH2JJ3DMXY_S3
3	55	U	SF8_UB6_rep1	CEBPG	rep1	CEBPG_rep1	TCTGGGCA	SCD-PS-012-3_BH2JJ3DMXY_S3
3	35	U	SF8_UA9_rep2	MAX	rep2	MAX_rep2	GGTAATCA	SCD-PS-012-3_BH2JJ3DMXY_S3
3	76	U	SF8_UC4_rep1	BTF3	rep1	BTF3_rep1	AGGTAAAG	SCD-PS-012-3_BH2JJ3DMXY_S3
3	36	U	SF8_UA9_rep3	MAX	rep3	MAX_rep3	CCAGTCCA	SCD-PS-012-3_BH2JJ3DMXY_S3
3	96	U	SF8_UD1_rep3	XRCC5	rep3	XRCC5_rep3	GCATTTGG	SCD-PS-012-3_BH2JJ3DMXY_S3
4	14	U	SF8_UD6_rep2	LDB1	rep2	LDB1_rep2	TTACGGGT	SCD-PS-012-4_BH2JJ3DMXY_S4
4	49	U	SF8_UE11_rep1	ZNF574	rep1	ZNF574_rep1	GTCCTATA	SCD-PS-012-4_BH2JJ3DMXY_S4
4	23	U	SF8_UD10_rep2	SF3B5	rep2	SF3B5_rep2	ACTGTTTG	SCD-PS-012-4_BH2JJ3DMXY_S4
4	17	U	SF8_UD8_rep2	NELFE	rep2	NELFE_rep2	CCTTCAAG	SCD-PS-012-4_BH2JJ3DMXY_S4
4	90	U	SF8_UG2_rep3	Control	rep6	Control_rep6	CACTTATC	SCD-PS-012-4_BH2JJ3DMXY_S4
4	3	U	SF8_UD2_rep3	SF3B3	rep3	SF3B3_rep3	GCACGTCA	SCD-PS-012-4_BH2JJ3DMXY_S4
4	60	U	SF8_UF3_rep3	FOSL1	rep3	FOSL1_rep3	CGGGTGAA	SCD-PS-012-4_BH2JJ3DMXY_S4
4	5	U	SF8_UD3_rep2	CAD	rep2	CAD_rep2	ATTTAGCG	SCD-PS-012-4_BH2JJ3DMXY_S4
4	59	U	SF8_UF3_rep2	FOSL1	rep2	FOSL1_rep2	GAGGGTAG	SCD-PS-012-4_BH2JJ3DMXY_S4
4	48	U	SF8_UE10_rep3	SURF6	rep3	SURF6_rep3	CTGTCATT	SCD-PS-012-4_BH2JJ3DMXY_S4
4	24	U	SF8_UD10_rep3	SF3B5	rep3	SF3B5_rep3	AAGTGGCT	SCD-PS-012-4_BH2JJ3DMXY_S4
4	19	U	SF8_UD9_rep1	POLR2C	rep1	POLR2C_rep1	CACACTGA	SCD-PS-012-4_BH2JJ3DMXY_S4
4	32	U	SF8_UE1_rep2	EFTUD2	rep2	EFTUD2_rep2	TGTACCAA	SCD-PS-012-4_BH2JJ3DMXY_S4
4	42	U	SF8_UE4_rep3	ESPL1	rep3	ESPL1_rep3	GTAGAACG	SCD-PS-012-4_BH2JJ3DMXY_S4
4	73	U	SF8_UF9_rep1	TAL1	rep1	TAL1_rep1	ATTCCTAG	SCD-PS-012-4_BH2JJ3DMXY_S4
4	7	U	SF8_UD4_rep1	CPSF7	rep1	CPSF7_rep1	TGCGTAGG	SCD-PS-012-4_BH2JJ3DMXY_S4
4	29	U	SF8_UD12_rep2	ZNF143	rep2	ZNF143_rep2	AGCTCCTT	SCD-PS-012-4_BH2JJ3DMXY_S4
4	33	U	SF8_UE1_rep3	EFTUD2	rep3	EFTUD2_rep3	AACGAGGT	SCD-PS-012-4_BH2JJ3DMXY_S4
4	26	U	SF8_UD11_rep2	SUPT6H	rep2	SUPT6H_rep2	CGCAAAGT	SCD-PS-012-4_BH2JJ3DMXY_S4
4	15	U	SF8_UD6_rep3	LDB1	rep3	LDB1_rep3	CACAGCAT	SCD-PS-012-4_BH2JJ3DMXY_S4
4	37	U	SF8_UE3_rep1	CSNK2A1	rep1	CSNK2A1_rep1	ACCTCAGC	SCD-PS-012-4_BH2JJ3DMXY_S4
4	68	U	SF8_UF7_rep2	RAD54L	rep2	RAD54L_rep2	CGGAAGTG	SCD-PS-012-4_BH2JJ3DMXY_S4
4	27	U	SF8_UD11_rep3	SUPT6H	rep3	SUPT6H_rep3	GTGCATGA	SCD-PS-012-4_BH2JJ3DMXY_S4
4	9	U	SF8_UD4_rep3	CPSF7	rep3	CPSF7_rep3	TGAATACC	SCD-PS-012-4_BH2JJ3DMXY_S4
4	92	U	SF8_UG3_rep2	Control_E2	rep5	Control_E2_rep5	TAAGGTCC	SCD-PS-012-4_BH2JJ3DMXY_S4
4	55	U	SF8_UF1_rep1	CCNK	rep1	CCNK_rep1	TCTGGGCA	SCD-PS-012-4_BH2JJ3DMXY_S4
4	28	U	SF8_UD12_rep1	ZNF143	rep1	ZNF143_rep1	GTCATTAG	SCD-PS-012-4_BH2JJ3DMXY_S4
4	65	U	SF8_UF6_rep2	PAK1IP1	rep2	PAK1IP1_rep2	CGTGATTC	SCD-PS-012-4_BH2JJ3DMXY_S4
4	11	U	SF8_UD5_rep2	ERH	rep2	ERH_rep2	TACTGGTA	SCD-PS-012-4_BH2JJ3DMXY_S4
4	39	U	SF8_UE3_rep3	CSNK2A1	rep3	CSNK2A1_rep3	GACAAACC	SCD-PS-012-4_BH2JJ3DMXY_S4
4	36	U	SF8_UE2_rep3	CCNC	rep3	CCNC_rep3	CCAGTCCA	SCD-PS-012-4_BH2JJ3DMXY_S4
4	43	U	SF8_UE7_rep1	NKAP	rep1	NKAP_rep1	GGATTGAC	SCD-PS-012-4_BH2JJ3DMXY_S4
4	50	U	SF8_UE11_rep2	ZNF574	rep2	ZNF574_rep2	CTACGCTG	SCD-PS-012-4_BH2JJ3DMXY_S4
4	40	U	SF8_UE4_rep1	ESPL1	rep1	ESPL1_rep1	TAACTCCG	SCD-PS-012-4_BH2JJ3DMXY_S4
4	44	U	SF8_UE7_rep2	NKAP	rep2	NKAP_rep2	ACGTATCC	SCD-PS-012-4_BH2JJ3DMXY_S4
4	30	U	SF8_UD12_rep3	ZNF143	rep3	ZNF143_rep3	TCACCCGA	SCD-PS-012-4_BH2JJ3DMXY_S4
4	41	U	SF8_UE4_rep2	ESPL1	rep2	ESPL1_rep2	ACACCGTG	SCD-PS-012-4_BH2JJ3DMXY_S4
4	95	U	SF8_UG4_rep2	Hemin	rep2	Hemin_rep2	GCAGAGAA	SCD-PS-012-4_BH2JJ3DMXY_S4
4	22	U	SF8_UD10_rep1	SF3B5	rep1	SF3B5_rep1	TTCCGTTC	SCD-PS-012-4_BH2JJ3DMXY_S4
4	52	U	SF8_UE12_rep1	SNRNP200	rep1	SNRNP200_rep1	TGATGTAG	SCD-PS-012-4_BH2JJ3DMXY_S4
4	79	U	SF8_UF11_rep1	FEZF1	rep1	FEZF1_rep1	TTTGTGTC	SCD-PS-012-4_BH2JJ3DMXY_S4
4	4	U	SF8_UD3_rep1	CAD	rep1	CAD_rep1	TCAACGAC	SCD-PS-012-4_BH2JJ3DMXY_S4
4	93	U	SF8_UG3_rep3	Control_E2	rep6	Control_E2_rep6	GAAAGGTG	SCD-PS-012-4_BH2JJ3DMXY_S4
4	12	U	SF8_UD5_rep3	ERH	rep3	ERH_rep3	ACGATAGG	SCD-PS-012-4_BH2JJ3DMXY_S4
4	66	U	SF8_UF6_rep3	PAK1IP1	rep3	PAK1IP1_rep3	ACTAGCGA	SCD-PS-012-4_BH2JJ3DMXY_S4
4	53	U	SF8_UE12_rep2	SNRNP200	rep2	SNRNP200_rep2	TTCGCTGT	SCD-PS-012-4_BH2JJ3DMXY_S4
4	8	U	SF8_UD4_rep2	CPSF7	rep2	CPSF7_rep2	TGGAGCTC	SCD-PS-012-4_BH2JJ3DMXY_S4
4	57	U	SF8_UF1_rep3	CCNK	rep3	CCNK_rep3	CCATGGGA	SCD-PS-012-4_BH2JJ3DMXY_S4
4	94	U	SF8_UG4_rep1	Hemin	rep1	Hemin_rep1	ACGTTGTA	SCD-PS-012-4_BH2JJ3DMXY_S4
4	87	U	SF8_UG1_rep3	HBG2	rep3	HBG2_rep3	ATATTCCC	SCD-PS-012-4_BH2JJ3DMXY_S4
4	88	U	SF8_UG2_rep1	Control	rep4	Control_rep4	TGTTAAGC	SCD-PS-012-4_BH2JJ3DMXY_S4
4	78	U	SF8_UF10_rep3	SF3B1	rep3	SF3B1_rep3	ACAGGCAT	SCD-PS-012-4_BH2JJ3DMXY_S4
4	10	U	SF8_UD5_rep1	ERH	rep1	ERH_rep1	TCTCACAC	SCD-PS-012-4_BH2JJ3DMXY_S4
4	82	U	SF8_UF12_rep1	DDX47	rep1	DDX47_rep1	CGCTTGCT	SCD-PS-012-4_BH2JJ3DMXY_S4
4	75	U	SF8_UF9_rep3	TAL1	rep3	TAL1_rep3	GCTTCCCT	SCD-PS-012-4_BH2JJ3DMXY_S4
4	46	U	SF8_UE10_rep1	SURF6	rep1	SURF6_rep1	AGTTGTGT	SCD-PS-012-4_BH2JJ3DMXY_S4
4	63	U	SF8_UF4_rep3	LEO1	rep3	LEO1_rep3	TCTATGGT	SCD-PS-012-4_BH2JJ3DMXY_S4
4	69	U	SF8_UF7_rep3	RAD54L	rep3	RAD54L_rep3	CCGAGTAC	SCD-PS-012-4_BH2JJ3DMXY_S4
4	76	U	SF8_UF10_rep1	SF3B1	rep1	SF3B1_rep1	AGGTAAAG	SCD-PS-012-4_BH2JJ3DMXY_S4
4	2	U	SF8_UD2_rep2	SF3B3	rep2	SF3B3_rep2	AGACTCGT	SCD-PS-012-4_BH2JJ3DMXY_S4
4	21	U	SF8_UD9_rep3	POLR2C	rep3	POLR2C_rep3	GGACCTTT	SCD-PS-012-4_BH2JJ3DMXY_S4
4	13	U	SF8_UD6_rep1	LDB1	rep1	LDB1_rep1	GATGTCGA	SCD-PS-012-4_BH2JJ3DMXY_S4
4	91	U	SF8_UG3_rep1	Control_E2	rep4	Control_E2_rep4	ACCGCTAA	SCD-PS-012-4_BH2JJ3DMXY_S4
4	51	U	SF8_UE11_rep3	ZNF574	rep3	ZNF574_rep3	GGGATTGT	SCD-PS-012-4_BH2JJ3DMXY_S4
4	71	U	SF8_UF8_rep2	SNRNP70	rep2	SNRNP70_rep2	ACCTGGAG	SCD-PS-012-4_BH2JJ3DMXY_S4
4	61	U	SF8_UF4_rep1	LEO1	rep1	LEO1_rep1	GCCATCTT	SCD-PS-012-4_BH2JJ3DMXY_S4
4	38	U	SF8_UE3_rep2	CSNK2A1	rep2	CSNK2A1_rep2	GGTGGACT	SCD-PS-012-4_BH2JJ3DMXY_S4
4	58	U	SF8_UF3_rep1	FOSL1	rep1	FOSL1_rep1	ATGCGACG	SCD-PS-012-4_BH2JJ3DMXY_S4
4	89	U	SF8_UG2_rep2	Control	rep5	Control_rep5	TACGCCTC	SCD-PS-012-4_BH2JJ3DMXY_S4
4	20	U	SF8_UD9_rep2	POLR2C	rep2	POLR2C_rep2	GTTACAGG	SCD-PS-012-4_BH2JJ3DMXY_S4
4	83	U	SF8_UF12_rep2	DDX47	rep2	DDX47_rep2	AGTCTGCC	SCD-PS-012-4_BH2JJ3DMXY_S4
4	35	U	SF8_UE2_rep2	CCNC	rep2	CCNC_rep2	GGTAATCA	SCD-PS-012-4_BH2JJ3DMXY_S4
4	56	U	SF8_UF1_rep2	CCNK	rep2	CCNK_rep2	CAACTAGA	SCD-PS-012-4_BH2JJ3DMXY_S4
4	34	U	SF8_UE2_rep1	CCNC	rep1	CCNC_rep1	AGCCACCA	SCD-PS-012-4_BH2JJ3DMXY_S4
4	74	U	SF8_UF9_rep2	TAL1	rep2	TAL1_rep2	AATCATGC	SCD-PS-012-4_BH2JJ3DMXY_S4
4	16	U	SF8_UD8_rep1	NELFE	rep1	NELFE_rep1	CTTTGACA	SCD-PS-012-4_BH2JJ3DMXY_S4
4	54	U	SF8_UE12_rep3	SNRNP200	rep3	SNRNP200_rep3	GAAGACTT	SCD-PS-012-4_BH2JJ3DMXY_S4
4	84	U	SF8_UF12_rep3	DDX47	rep3	DDX47_rep3	CATAGTCG	SCD-PS-012-4_BH2JJ3DMXY_S4
4	45	U	SF8_UE7_rep3	NKAP	rep3	NKAP_rep3	TTCGGAAA	SCD-PS-012-4_BH2JJ3DMXY_S4
4	72	U	SF8_UF8_rep3	SNRNP70	rep3	SNRNP70_rep3	CATGGGTT	SCD-PS-012-4_BH2JJ3DMXY_S4
4	31	U	SF8_UE1_rep1	EFTUD2	rep1	EFTUD2_rep1	GTTGCCAC	SCD-PS-012-4_BH2JJ3DMXY_S4
4	62	U	SF8_UF4_rep2	LEO1	rep2	LEO1_rep2	GCATAATC	SCD-PS-012-4_BH2JJ3DMXY_S4
4	70	U	SF8_UF8_rep1	SNRNP70	rep1	SNRNP70_rep1	GACGCAAT	SCD-PS-012-4_BH2JJ3DMXY_S4
4	96	U	SF8_UG4_rep3	Hemin	rep3	Hemin_rep3	GCATTTGG	SCD-PS-012-4_BH2JJ3DMXY_S4
4	18	U	SF8_UD8_rep3	NELFE	rep3	NELFE_rep3	GAGTCCTG	SCD-PS-012-4_BH2JJ3DMXY_S4
4	67	U	SF8_UF7_rep1	RAD54L	rep1	RAD54L_rep1	GTAACTCC	SCD-PS-012-4_BH2JJ3DMXY_S4
4	47	U	SF8_UE10_rep2	SURF6	rep2	SURF6_rep2	AAGCACAT	SCD-PS-012-4_BH2JJ3DMXY_S4
4	77	U	SF8_UF10_rep2	SF3B1	rep2	SF3B1_rep2	CCACAACT	SCD-PS-012-4_BH2JJ3DMXY_S4
4	81	U	SF8_UF11_rep3	FEZF1	rep3	FEZF1_rep3	TTAGACGC	SCD-PS-012-4_BH2JJ3DMXY_S4
4	25	U	SF8_UD11_rep1	SUPT6H	rep1	SUPT6H_rep1	CTGTACAA	SCD-PS-012-4_BH2JJ3DMXY_S4
4	85	U	SF8_UG1_rep1	HBG2	rep1	HBG2_rep1	TCTTGCTG	SCD-PS-012-4_BH2JJ3DMXY_S4
4	6	U	SF8_UD3_rep3	CAD	rep3	CAD_rep3	ATACAGAC	SCD-PS-012-4_BH2JJ3DMXY_S4
4	80	U	SF8_UF11_rep2	FEZF1	rep2	FEZF1_rep2	TGAGCATA	SCD-PS-012-4_BH2JJ3DMXY_S4
4	1	U	SF8_UD2_rep1	SF3B3	rep1	SF3B3_rep1	CGTCTAAT	SCD-PS-012-4_BH2JJ3DMXY_S4
4	86	U	SF8_UG1_rep2	HBG2	rep2	HBG2_rep2	GGGACAAC	SCD-PS-012-4_BH2JJ3DMXY_S4
4	64	U	SF8_UF6_rep1	PAK1IP1	rep1	PAK1IP1_rep1	AGGACTTA	SCD-PS-012-4_BH2JJ3DMXY_S4
5	23	T	Plate7_B5	MED27	rep2	MED27_rep2	ACTGTTTG	SCD-PS-012-5_BH2JJ3DMXY_S5
5	4	U	SF8_UG6_rep1	JQ1	rep1	JQ1_rep1	TCAACGAC	SCD-PS-012-5_BH2JJ3DMXY_S5
5	20	T	Plate7_A8	ANAPC2	rep2	ANAPC2_rep2	GTTACAGG	SCD-PS-012-5_BH2JJ3DMXY_S5
5	17	T	Plate7_A5	RPL4	rep2	RPL4_rep2	CCTTCAAG	SCD-PS-012-5_BH2JJ3DMXY_S5
5	3	U	SF8_UG5_rep3	DMSO	rep3	DMSO_rep3	GCACGTCA	SCD-PS-012-5_BH2JJ3DMXY_S5
5	24	T	Plate7_B6	MED27	rep3	MED27_rep3	AAGTGGCT	SCD-PS-012-5_BH2JJ3DMXY_S5
5	15	T	Plate7_A3	MED7	rep3	MED7_rep3	CACAGCAT	SCD-PS-012-5_BH2JJ3DMXY_S5
5	19	T	Plate7_A7	ANAPC2	rep1	ANAPC2_rep1	CACACTGA	SCD-PS-012-5_BH2JJ3DMXY_S5
5	14	T	Plate7_A2	MED7	rep2	MED7_rep2	TTACGGGT	SCD-PS-012-5_BH2JJ3DMXY_S5
5	1	U	SF8_UG5_rep1	DMSO	rep1	DMSO_rep1	CGTCTAAT	SCD-PS-012-5_BH2JJ3DMXY_S5
5	6	U	SF8_UG6_rep3	JQ1	rep3	JQ1_rep3	ATACAGAC	SCD-PS-012-5_BH2JJ3DMXY_S5
5	16	T	Plate7_A4	RPL4	rep1	RPL4_rep1	CTTTGACA	SCD-PS-012-5_BH2JJ3DMXY_S5
5	5	U	SF8_UG6_rep2	JQ1	rep2	JQ1_rep2	ATTTAGCG	SCD-PS-012-5_BH2JJ3DMXY_S5
5	18	T	Plate7_A6	RPL4	rep3	RPL4_rep3	GAGTCCTG	SCD-PS-012-5_BH2JJ3DMXY_S5
5	21	T	Plate7_A9	ANAPC2	rep3	ANAPC2_rep3	GGACCTTT	SCD-PS-012-5_BH2JJ3DMXY_S5
5	13	T	Plate7_A1	MED7	rep1	MED7_rep1	GATGTCGA	SCD-PS-012-5_BH2JJ3DMXY_S5
5	2	U	SF8_UG5_rep2	DMSO	rep2	DMSO_rep2	AGACTCGT	SCD-PS-012-5_BH2JJ3DMXY_S5
5	22	T	Plate7_B4	MED27	rep1	MED27_rep1	TTCCGTTC	SCD-PS-012-5_BH2JJ3DMXY_S5
